{
  "experiment": "exp14_task_embeddings",
  "model": "paraphrase-multilingual-MiniLM-L12-v2",
  "calibration_size": 120,
  "domain_corpus_size": 3000,
  "elapsed_seconds": 29.94282293319702,
  "part1_task_alignment": {
    "type_stats": {
      "paraphrase": {
        "mean_cosine": 0.7419843435287475,
        "std_cosine": 0.10422904855547924,
        "mean_novelty": 0.4844505296813117,
        "std_novelty": 0.07150131861470019,
        "n": 30
      },
      "extension": {
        "mean_cosine": 0.7727037717898687,
        "std_cosine": 0.21576299111335995,
        "mean_novelty": 0.4800611350271437,
        "std_novelty": 0.09735154542697404,
        "n": 30
      },
      "contradiction": {
        "mean_cosine": 0.5909711112578709,
        "std_cosine": 0.10683537246035874,
        "mean_novelty": 0.5639859249194463,
        "std_novelty": 0.05754757711783803,
        "n": 30
      },
      "unrelated": {
        "mean_cosine": 0.013573204105099042,
        "std_cosine": 0.08337782255392388,
        "mean_novelty": 0.8531348784350687,
        "std_novelty": 0.0408892923638439,
        "n": 30
      }
    },
    "n_conflicts": 74,
    "conflict_fraction": 0.6166666666666667,
    "conflict_types": {
      "related_but_high_novelty": 49,
      "unrelated_but_high_cosine": 17,
      "related_but_low_cosine": 8
    },
    "cosine_novelty_correlation": -0.9530115191894142
  },
  "part2_dimensionality": {
    "full_384": {
      "dims": 384,
      "discrimination_gap": 0.6219325627510747,
      "novelty_separation": 0.2477521068520016,
      "n_clusters": 1,
      "cluster_purity": 0.004
    },
    "first_128 (top variance)": {
      "dims": 128,
      "discrimination_gap": 0.6074609284599621,
      "novelty_separation": 0.2339162276850808,
      "n_clusters": 2,
      "cluster_purity": 0.01
    },
    "mid_128 (128-256)": {
      "dims": 128,
      "discrimination_gap": 0.6473050844234725,
      "novelty_separation": 0.17410776416460672,
      "n_clusters": 1,
      "cluster_purity": 0.004
    },
    "last_128 (fine detail)": {
      "dims": 128,
      "discrimination_gap": 0.6448980891456207,
      "novelty_separation": 0.1782337412238123,
      "n_clusters": 0,
      "cluster_purity": 0.0
    },
    "random_128": {
      "dims": 128,
      "discrimination_gap": 0.618700626368324,
      "novelty_separation": 0.21416012595097206,
      "n_clusters": 3,
      "cluster_purity": 0.014
    }
  },
  "part3_projections": {
    "raw_search_gap": 0.7437708535542091,
    "raw_novelty_sep": 0.3686843487537571,
    "pca_search_gap": 0.783402773241202,
    "pca_novelty_sep": 0.38821701655785257,
    "optimized_search_gap": 0.9157864186291893,
    "optimized_novelty_sep": 0.8478575971184503,
    "search_gain_vs_raw_pct": 23.127494745590074,
    "novelty_gain_vs_raw_pct": 129.96842691706755,
    "search_gain_vs_pca_pct": 16.89854183694952,
    "novelty_gain_vs_pca_pct": 118.39784475086283,
    "mean_col_cosine": 0.013612592592835426,
    "frobenius_distance": 15.890724182128906,
    "subspace_overlap": 0.5132821798324585,
    "cv_folds": {
      "search": [
        0.9192821115255356,
        0.9122907257328431
      ],
      "novelty": [
        0.8347857059703931,
        0.8609294882665076
      ],
      "raw_search": [
        0.7451470954343677,
        0.7423946116740504
      ],
      "raw_novelty": [
        0.3578266998959915,
        0.3795419976115227
      ]
    }
  },
  "part4_assessment": {
    "verdict": "MARGINAL_BENEFIT",
    "proxy_search_delta": 0.17201556507498017,
    "proxy_novelty_delta": 0.4791732483646932,
    "proxy_search_gain_pct": 23.127494745590074,
    "proxy_novelty_gain_pct": 129.96842691706755,
    "subspace_overlap": 0.5132821798324585,
    "baselines": {
      "STS-B Spearman": 0.844,
      "QQP AUC": 0.86,
      "SciFact nDCG@10 (raw)": 0.484,
      "SciFact nDCG@10 (reranked)": 0.641,
      "Calibration accuracy": 0.8
    },
    "findings": [
      {
        "finding": "Task alignment",
        "conflict_fraction": 0.6166666666666667,
        "cosine_novelty_correlation": -0.9530115191894142,
        "implication": "High conflict"
      },
      {
        "finding": "Dimension specialization",
        "best_for_search": "mid_128 (128-256)",
        "best_for_novelty": "full_384",
        "search_gain_pct": 4.079625861711475,
        "novelty_gain_pct": 0.0,
        "tasks_agree": false
      },
      {
        "finding": "Task-specific projections (cv, vs raw 384d)",
        "search_gain_vs_raw_pct": 23.127494745590074,
        "novelty_gain_vs_raw_pct": 129.96842691706755,
        "subspace_overlap": 0.5132821798324585
      }
    ]
  }
}