{
  "part1_similarity": {
    "match_mean": 0.8593770583470662,
    "match_min": 0.6786436438560486,
    "match_max": 0.9835642576217651,
    "match_std": 0.08566165345574829,
    "translation_mean": 0.8674411882053722,
    "paraphrase_mean": 0.8372007012367249,
    "nonmatch_mean": 0.19059616170412774,
    "nonmatch_std": 0.13677902904127207,
    "nonmatch_p95": 0.4497000217437744,
    "discrimination_gap": 0.6687808966429385,
    "all_match_sims": [
      0.943175733089447,
      0.9185035228729248,
      0.9217100143432617,
      0.9737246036529541,
      0.7213454246520996,
      0.8636751770973206,
      0.9835642576217651,
      0.6786436438560486,
      0.9074587821960449,
      0.8165358304977417,
      0.9490866661071777,
      0.9561378359794617,
      0.8822836875915527,
      0.771975040435791,
      0.8980240821838379,
      0.8512850403785706,
      0.8977857232093811,
      0.864925742149353,
      0.7463358044624329,
      0.8475200533866882,
      0.9351589679718018,
      0.7865618467330933,
      0.9224696159362793,
      0.8305172324180603,
      0.9170972108840942,
      0.7386471629142761,
      0.8357459306716919,
      0.7107738852500916,
      0.9633837342262268,
      0.7472594976425171
    ]
  },
  "part2_retrieval": {
    "recall_at_1": 1.0,
    "recall_at_3": 1.0,
    "recall_at_5": 1.0,
    "mrr": 1.0,
    "n_queries": 30,
    "n_failures": 0
  },
  "part3_translation_baseline": {
    "direct_mean_sim": 0.8700908243656158,
    "translated_mean_sim": 0.9577668190002442,
    "direct_mrr": 1.0,
    "translated_mrr": 1.0,
    "sim_delta": 0.08767599463462838,
    "mrr_delta": 0.0,
    "per_pair_direct_sims": [
      0.943175733089447,
      0.9217100143432617,
      0.7213454246520996,
      0.9490866661071777,
      0.8822836875915527,
      0.8512850403785706,
      0.9351589679718018,
      0.9224696159362793,
      0.7386471629142761,
      0.8357459306716919
    ],
    "per_pair_translated_sims": [
      0.9984787702560425,
      0.9487378597259521,
      0.8432981967926025,
      1.0000001192092896,
      0.9788929224014282,
      0.8757187128067017,
      0.9754002094268799,
      1.0000001192092896,
      1.0,
      0.9571412801742554
    ],
    "per_pair_direct_ranks": [
      1,
      1,
      1,
      1,
      1,
      1,
      1,
      1,
      1,
      1
    ],
    "per_pair_translated_ranks": [
      1,
      1,
      1,
      1,
      1,
      1,
      1,
      1,
      1,
      1
    ]
  },
  "part4_domain": {
    "n_claims": 2000,
    "n_queries": 10,
    "keyword_recall_at_5": 0.9,
    "mean_keyword_rank": 1.0,
    "per_query": [
      {
        "query": "Formativ vurdering er bedre enn karakterer for elevenes l\u00e6ring",
        "expected_keywords": [
          "formative",
          "feedback",
          "grades"
        ],
        "keyword_found_at_rank": 1,
        "top_hits": [
          {
            "rank": 1,
            "score": 0.7298763394355774,
            "claim": "Formative assessment is significantly more important for student learning than summative assessment like grades.",
            "keyword_match": true
          },
          {
            "rank": 2,
            "score": 0.6944602131843567,
            "claim": "Exams are better at distinguishing the strictness of the examiner than the actual competence of the students.",
            "keyword_match": false
          },
          {
            "rank": 3,
            "score": 0.6747317314147949,
            "claim": "Instructional quality and student engagement are more important for learning than the specific number of hours allocated to a subject.",
            "keyword_match": false
          },
          {
            "rank": 4,
            "score": 0.6711941361427307,
            "claim": "Teachers at lower grade levels assess collective efficacy more positively than teachers at higher grade levels.",
            "keyword_match": false
          },
          {
            "rank": 5,
            "score": 0.643412709236145,
            "claim": "While schools use surveys to show satisfaction, teachers are often excluded from fundamental decisions about whether learning materials should be digital or paper-based.",
            "keyword_match": false
          }
        ]
      },
      {
        "query": "Lekbasert l\u00e6ring i barnehagen fremmer utvikling",
        "expected_keywords": [
          "play",
          "early childhood",
          "learning"
        ],
        "keyword_found_at_rank": 1,
        "top_hits": [
          {
            "rank": 1,
            "score": 0.7550854682922363,
            "claim": "For the youngest children, the new curriculum emphasizes play and learning through play as a central component.",
            "keyword_match": true
          },
          {
            "rank": 2,
            "score": 0.7483623623847961,
            "claim": "Play creates interactions between children and their surroundings that generate learning in a broad sense.",
            "keyword_match": true
          },
          {
            "rank": 3,
            "score": 0.7338510751724243,
            "claim": "A significant portion of the everyday life of children in kindergarten revolves around play.",
            "keyword_match": true
          },
          {
            "rank": 4,
            "score": 0.707521915435791,
            "claim": "The most important arena for 'danning' in kindergarten is relationships and activities that children perceive as meaningful.",
            "keyword_match": false
          },
          {
            "rank": 5,
            "score": 0.7071769833564758,
            "claim": "High quality in preschool environments promotes children\u2019s learning across curriculum goal areas.",
            "keyword_match": true
          }
        ]
      },
      {
        "query": "L\u00e6rere trenger mer tid til faglig samarbeid og utvikling",
        "expected_keywords": [
          "teacher",
          "professional development",
          "collaboration"
        ],
        "keyword_found_at_rank": 1,
        "top_hits": [
          {
            "rank": 1,
            "score": 0.7603859305381775,
            "claim": "High-quality teaching requires educated teachers who have time for professional development.",
            "keyword_match": true
          },
          {
            "rank": 2,
            "score": 0.7091338634490967,
            "claim": "The most important form of 'co-creation' in schools is the time teachers spend for and with their students.",
            "keyword_match": true
          },
          {
            "rank": 3,
            "score": 0.689191460609436,
            "claim": "The school staff should be strengthened with other professional groups to allow teachers to focus on teaching.",
            "keyword_match": true
          },
          {
            "rank": 4,
            "score": 0.6883435249328613,
            "claim": "A culture of sharing teaching materials allows teachers to save time and improve instruction.",
            "keyword_match": true
          },
          {
            "rank": 5,
            "score": 0.6854763031005859,
            "claim": "There is a need for teacher education to proactively adapt content and methods to meet the challenges of future teaching generations.",
            "keyword_match": true
          }
        ]
      },
      {
        "query": "Standardiserte tester f\u00f8rer til at l\u00e6rere underviser mot pr\u00f8ven",
        "expected_keywords": [
          "test",
          "exam",
          "teaching to the test"
        ],
        "keyword_found_at_rank": 1,
        "top_hits": [
          {
            "rank": 1,
            "score": 0.7254184484481812,
            "claim": "Focus on national tests has led to a prioritisation of teachers with competency in tested subjects over practical subjects.",
            "keyword_match": true
          },
          {
            "rank": 2,