{
  "experiment": "exp7_genericization",
  "embedding_model": "paraphrase-multilingual-MiniLM-L12-v2",
  "n_same_meaning_pairs": 50,
  "n_unrelated_pairs": 30,
  "methods": [
    "raw",
    "genericized"
  ],
  "summary": {
    "raw": {
      "mean_same_meaning": 0.7826472973823547,
      "std_same_meaning": 0.11559029880193764,
      "mean_unrelated": -0.01158415392662088,
      "std_unrelated": 0.06530777808473293,
      "discrimination_gap": 0.7942314513089757,
      "time_sec": 0.5195610419978038
    },
    "genericized": {
      "mean_same_meaning": 0.8312654709815979,
      "std_same_meaning": 0.18597795838697628,
      "mean_unrelated": -0.01158415392662088,
      "std_unrelated": 0.06530777808473293,
      "discrimination_gap": 0.8428496249082188,
      "time_sec": 0.489201584001421
    }
  },
  "per_category": {
    "numbers": {
      "description": "Number differences only",
      "n_pairs": 10,
      "raw": {
        "mean": 0.82084721326828,
        "std": 0.1200370937356683,
        "delta_vs_raw": 0.0
      },
      "genericized": {
        "mean": 0.9644124329090118,
        "std": 0.07129672709708601,
        "delta_vs_raw": 0.14356521964073177
      }
    },
    "dates": {
      "description": "Date differences only",
      "n_pairs": 10,
      "raw": {
        "mean": 0.8562945306301117,
        "std": 0.07674915681774588,
        "delta_vs_raw": 0.0
      },
      "genericized": {
        "mean": 1.0,
        "std": 9.233911862867873e-08,
        "delta_vs_raw": 0.14370546936988826
      }
    },
    "proper_nouns": {
      "description": "Proper noun / institution name differences",
      "n_pairs": 10,
      "raw": {
        "mean": 0.7797358155250549,
        "std": 0.11108245774620246,
        "delta_vs_raw": 0.0
      },
      "genericized": {
        "mean": 0.7797358274459839,
        "std": 0.11108244762074877,
        "delta_vs_raw": 1.1920929021691506e-08
      }
    },
    "urls_refs": {
      "description": "URL / reference differences",
      "n_pairs": 10,
      "raw": {
        "mean": 0.7121386885643005,
        "std": 0.08224814798867708,
        "delta_vs_raw": 0.0
      },
      "genericized": {
        "mean": 0.6538588881492615,
        "std": 0.22589789454719386,
        "delta_vs_raw": -0.058279800415038996
      }
    },
    "mixed": {
      "description": "Mixed differences (realistic)",
      "n_pairs": 10,
      "raw": {
        "mean": 0.7442202389240264,
        "std": 0.11858520426173551,
        "delta_vs_raw": 0.0
      },
      "genericized": {
        "mean": 0.7583202064037323,
        "std": 0.1372506707847067,
        "delta_vs_raw": 0.014099967479705877
      }
    }
  },
  "pair_deltas": [
    {
      "index": 5,
      "category": "numbers",
      "raw": 0.6277518272399902,
      "genericized": 1.0,
      "delta": 0.37224817276000977
    },
    {
      "index": 14,
      "category": "dates",
      "raw": 0.693114697933197,
      "genericized": 1.0,
      "delta": 0.306885302066803
    },
    {
      "index": 3,
      "category": "numbers",
      "raw": 0.7401624917984009,
      "genericized": 0.9999998211860657,
      "delta": 0.2598373293876648
    },
    {
      "index": 0,
      "category": "numbers",
      "raw": 0.5968173742294312,
      "genericized": 0.812754213809967,
      "delta": 0.2159368395805359
    },
    {
      "index": 12,
      "category": "dates",
      "raw": 0.7949946522712708,
      "genericized": 0.9999998807907104,
      "delta": 0.2050052285194397
    },
    {
      "index": 32,
      "category": "urls_refs",
      "raw": 0.8154361844062805,
      "genericized": 1.0,
      "delta": 0.18456381559371948
    },
    {
      "index": 10,
      "category": "dates",
      "raw": 0.8157418966293335,
      "genericized": 1.0000001192092896,
      "delta": 0.18425822257995605
    },
    {
      "index": 6,
      "category": "numbers",
      "raw": 0.8230279684066772,
      "genericized": 1.0,
      "delta": 0.17697203159332275
    },
    {
      "index": 17,
      "category": "dates",
      "raw": 0.8305644989013672,
      "genericized": 1.0,
      "delta": 0.1694355010986328
    },
    {
      "index": 16,
      "category": "dates",
      "raw": 0.8340461254119873,
      "genericized": 0.9999998807907104,
      "delta": 0.16595375537872314
    },
    {
      "index": 31,
      "category": "urls_refs",
      "raw": 0.8605021238327026,
      "genericized": 1.0,
      "delta": 0.13949787616729736
    },
    {
      "index": 8,
      "category": "numbers",
      "raw": 0.8608707189559937,
      "genericized": 1.0,
      "delta": 0.13912928104400635
    },
    {
      "index": 13,
      "category": "dates",
      "raw": 0.8620259761810303,
      "genericized": 0.9999998807907104,
      "delta": 0.13797390460968018
    },
    {
      "index": 45,
      "category": "mixed",
      "raw": 0.7566714882850647,
      "genericized": 0.8909502029418945,
      "delta": 0.13427871465682983
    },
    {
      "index": 19,
      "category": "dates",
      "raw": 0.9151455163955688,
      "genericized": 1.0000001192092896,
      "delta": 0.0848546028137207
    },
    {
      "index": 30,
      "category": "urls_refs",
      "raw": 0.6105760931968689,
      "genericized": 0.6923308372497559,
      "delta": 0.08175474405288696
    },
    {
      "index": 7,
      "category": "numbers",
      "raw": 0.9182923436164856,
      "genericized": 1.0,
      "delta": 0.0817076563835144
    },
    {
      "index": 18,
      "category": "dates",
      "raw": 0.9221663475036621,
      "genericized": 1.0000001192092896,
      "delta": 0.07783377170562744
    },
    {
      "index": 15,
      "category": "dates",
      "raw": 0.9228885173797607,
      "genericized": 1.0,
      "delta": 0.07711148262023926
    },
    {
      "index": 1,
      "category": "numbers",
      "raw": 0.9241325855255127,
      "genericized": 0.9999999403953552,
      "delta": 0.07586735486984253
    },
    {
      "index": 9,
      "category": "numbers",
      "raw": 0.9258780479431152,
      "genericized": 1.0000001192092896,
      "delta": 0.07412207126617432
    },
    {
      "index": 42,
      "category": "mixed",
      "raw": 0.8074772357940674,
      "genericized": 0.8752394318580627,
      "delta": 0.06776219606399536
    },
    {
      "index": 38,
      "category": "urls_refs",
      "raw": 0.626059353351593,
      "genericized": 0.6778385043144226,
      "delta": 0.05177915096282959
    },
    {
      "index": 4,
      "category": "numbers",
      "raw": 0.9508857131004333,
      "genericized": 1.0,
      "delta": 0.04911428689956665
    },
    {
      "index": 44,
      "category": "mixed",
      "raw": 0.8598108291625977,
      "genericized": 0.9017305374145508,
      "delta": 0.041919708251953125
    },
    {
      "index": 11,
      "category": "dates",
      "raw": 0.9722570776939392,
      "genericized": 1.0,
      "delta": 0.02774292230606079
    },
    {
      "index": 41,
      "category": "mixed",
      "raw": 0.5061006546020508,
      "genericized": 0.529249906539917,
      "delta": 0.02314925193786621
    },
    {
      "index": 47,
      "category": "mixed",
      "raw": 0.839057445526123,
      "genericized": 0.846921443939209,
      "delta": 0.007863998413085938
    },
    {
      "index": 34,
      "category": "urls_refs",
      "raw": 0.783234715461731,
      "genericized": 0.7892645597457886,
      "delta": 0.006029844284057617
    },
    {
      "index": 29,
      "category": "proper_nouns",
      "raw": 0.6853840351104736,
      "genericized": 0.6853841543197632,
      "delta": 1.1920928955078125e-07
    },
    {
      "index": 20,
      "category": "proper_nouns",
      "raw": 0.6133970022201538,
      "genericized": 0.6133970022201538,
      "delta": 0.0
    },
    {
      "index": 21,
      "category": "proper_nouns",
      "raw": 0.9283254146575928,
      "genericized": 0.9283254146575928,
      "delta": 0.0
    },
    {
      "index": 22,
      "category": "proper_nouns",