{
  "exp1_leave_k_out_synthetic": {
    "5": {
      "mean": 0.596923076923077,
      "std": 0.09522318846426944,
      "min": 0.38461538461538464,
      "max": 0.8076923076923077,
      "n_trials": 100,
      "n_nodes": 31,
      "n_remaining": 26
    },
    "10": {
      "mean": 0.6576190476190475,
      "std": 0.11362806813670961,
      "min": 0.3333333333333333,
      "max": 0.8571428571428571,
      "n_trials": 100,
      "n_nodes": 31,
      "n_remaining": 21
    },
    "15": {
      "mean": 0.698125,
      "std": 0.1256405463017413,
      "min": 0.375,
      "max": 0.9375,
      "n_trials": 100,
      "n_nodes": 31,
      "n_remaining": 16
    },
    "20": {
      "mean": 0.7427272727272729,
      "std": 0.14491661894441574,
      "min": 0.36363636363636365,
      "max": 1.0,
      "n_trials": 100,
      "n_nodes": 31,
      "n_remaining": 11
    },
    "25": {
      "mean": 0.7416666666666667,
      "std": 0.17057907908715603,
      "min": 0.16666666666666666,
      "max": 1.0,
      "n_trials": 100,
      "n_nodes": 31,
      "n_remaining": 6
    }
  },
  "exp1_leave_k_out_real": {
    "5": {
      "mean": 0.5536363636363637,
      "std": 0.030860032368682705,
      "min": 0.5151515151515151,
      "max": 0.6666666666666666,
      "n_trials": 100,
      "n_nodes": 38,
      "n_remaining": 33
    },
    "10": {
      "mean": 0.5535714285714285,
      "std": 0.05451549115169195,
      "min": 0.42857142857142855,
      "max": 0.6785714285714286,
      "n_trials": 100,
      "n_nodes": 38,
      "n_remaining": 28
    },
    "15": {
      "mean": 0.5534782608695652,
      "std": 0.07451291104931734,
      "min": 0.391304347826087,
      "max": 0.7391304347826086,
      "n_trials": 100,
      "n_nodes": 38,
      "n_remaining": 23
    },
    "20": {
      "mean": 0.5633333333333334,
      "std": 0.09526441435276506,
      "min": 0.2777777777777778,
      "max": 0.7777777777777778,
      "n_trials": 100,
      "n_nodes": 38,
      "n_remaining": 18
    },
    "25": {
      "mean": 0.5784615384615384,
      "std": 0.1307601806823125,
      "min": 0.23076923076923078,
      "max": 0.8461538461538461,
      "n_trials": 100,
      "n_nodes": 38,
      "n_remaining": 13
    }
  },
  "exp2_convergence_synthetic": {
    "eig": [
      0.5483870967741935,
      0.5483870967741935,
      0.5483870967741935,
      0.5483870967741935,
      0.5483870967741935,
      0.45161290322580644,
      0.45161290322580644,
      0.6129032258064516,
      0.6129032258064516,
      0.6129032258064516,
      0.7419354838709677,
      0.7419354838709677,
      0.7419354838709677,
      0.7419354838709677,
      0.7741935483870968,
      0.8387096774193549,
      0.8387096774193549,
      0.8387096774193549,
      0.8387096774193549,
      0.8387096774193549,
      0.8709677419354839,
      0.8709677419354839,
      0.8709677419354839,
      0.8709677419354839,
      0.9032258064516129,
      0.9354838709677419,
      0.9354838709677419,
      0.9354838709677419,
      0.967741935483871,
      0.967741935483871,
      1.0,
      1.0
    ],
    "entropy": [
      0.5483870967741935,
      0.5483870967741935,
      0.5483870967741935,
      0.5483870967741935,
      0.5483870967741935,
      0.6129032258064516,
      0.6129032258064516,
      0.6129032258064516,
      0.6129032258064516,
      0.6129032258064516,
      0.6129032258064516,
      0.6129032258064516,
      0.7419354838709677,
      0.6451612903225806,
      0.6451612903225806,
      0.6451612903225806,
      0.6774193548387096,
      0.8387096774193549,
      0.8387096774193549,
      0.8387096774193549,
      0.8709677419354839,
      0.8709677419354839,
      0.8709677419354839,
      0.8709677419354839,
      0.9032258064516129,
      0.9354838709677419,
      0.9354838709677419,
      0.9354838709677419,
      0.967741935483871,
      0.967741935483871,
      1.0,
      1.0
    ],
    "random": [
      0.5483870967741936,
      0.5661290322580645,
      0.6080645161290323,
      0.6225806451612904,
      0.6596774193548387,
      0.6870967741935484,
      0.7016129032258064,
      0.7241935483870968,
      0.735483870967742,
      0.7516129032258064,
      0.7564516129032258,
      0.7725806451612902,
      0.7887096774193548,
      0.7919354838709678,
      0.8,
      0.814516129032258,
      0.8274193548387094,
      0.8483870967741934,
      0.8629032258064514,
      0.875806451612903,
      0.8951612903225804,
      0.9145161290322579,
      0.9258064516129032,
      0.9338709677419356,
      0.9500000000000002,
      0.9612903225806452,
      0.9661290322580646,
      0.970967741935484,
      0.9758064516129032,
      0.9870967741935484,
      0.9919354838709677,
      1.0
    ],
    "level_order": [
      0.5483870967741935,
      0.5483870967741935,
      0.5483870967741935,
      0.5483870967741935,
      0.5483870967741935,
      0.45161290322580644,
      0.45161290322580644,
      0.6129032258064516,
      0.6129032258064516,
      0.6129032258064516,
      0.7419354838709677,
      0.7741935483870968,
      0.7741935483870968,
      0.7741935483870968,
      0.7741935483870968,
      0.7741935483870968,
      0.7741935483870968,
      0.8064516129032258,
      0.8387096774193549,
      0.8387096774193549,
      0.9032258064516129,
      0.9032258064516129,
      0.9032258064516129,
      0.9354838709677419,
      0.9354838709677419,
      0.9354838709677419,
      0.9354838709677419,
      0.9354838709677419,
      0.9354838709677419,
      0.967741935483871,
      1.0,
      1.0
    ],
    "most_connected": [
      0.5483870967741935,
      0.5483870967741935,
      0.5483870967741935,
      0.5483870967741935,
      0.5483870967741935,
      0.6129032258064516,
      0.6129032258064516,
      0.6129032258064516,
      0.6129032258064516,
      0.6129032258064516,
      0.6129032258064516,
      0.7419354838709677,
      0.7419354838709677,
      0.7419354838709677,
      0.6451612903225806,
      0.6774193548387096,
      0.7096774193548387,
      0.7419354838709677,
      0.7419354838709677,
      0.7419354838709677,
      0.7741935483870968,
      0.7741935483870968,
      0.9354838709677419,
      0.9354838709677419,
      0.9354838709677419,
      0.9354838709677419,
      0.9354838709677419,
      0.9354838709677419,
      0.9354838709677419,
      0.967741935483871,
      1.0,
      1.0
    ]
  },
  "exp2_convergence_real": {
    "eig": [
      0.5526315789473685,
      0.5526315789473685,
      0.5526315789473685,
      0.5526315789473685,
      0.6052631578947368,
      0.6052631578947368,
      0.6052631578947368,
      0.6052631578947368,
      0.6052631578947368,
      0.6052631578947368,
      0.6052631578947368,
      0.6052631578947368,
      0.631578947368421,
      0.6578947368421053,
      0.6842105263157895,
      0.6842105263157895,
      0.6842105263157895,
      0.7105263157894737,
      0.7368421052631579,
      0.7368421052631579,
      0.7368421052631579,
      0.7631578947368421,
      0.7894736842105263,
      0.7894736842105263,
      0.8157894736842105,
      0.8421052631578947,
      0.868421052631579,
      0.8947368421052632,
      0.8947368421052632,
      0.8947368421052632,
      0.8947368421052632,
      0.8947368421052632,
      0.9210526315789473,
      0.9210526315789473,
      0.9473684210526315,
      0.9736842105263158,
      0.9736842105263158,
      1.0,
      1.0
    ],